DATE-XVALUE|TIME-XVALUE|CLOSE_INPUT_OUTPUT-YVALUE|StochK-INPUT|StochD-INPUT|WilliamsR-INPUT
20121220|1800|1.32390000|48.5060240963864402|61.4505097578337498|-51.8761726078786936
20121220|1900|1.32429000|37.4816983894590976|53.4609059683755420|-48.2176360225138296
20121220|2000|1.32392000|28.3737024221463088|45.0985047862991380|-57.2765072765065071
20121220|2100|1.32421000|29.5167286245365546|39.9045793990449482|-56.7391304347834052
20121220|2200|1.32430000|34.2672948177548733|38.0254845386149256|-55.7608695652165950
20121220|2300|1.32449000|37.3219373219383144|37.7909687997227196|-53.6956521739131674
20121221|0000|1.32355000|39.8426114835336662|38.4748496943263732|-63.9130434782604908
20121221|0100|1.32240000|38.7727116900936580|38.5741370262488062|-76.4130434782604908
20121221|0200|1.31993000|35.7117117117128942|37.6199952547368356|-86.7579908675801050
20121221|0300|1.31919000|30.6205871423266346|35.2868592172667661|-88.9661164205048464
20121221|0400|1.31973000|24.9189773136482878|31.8308985827272758|-84.2745438748904974
20121221|0500|1.31925000|19.4168535725730465|27.6928835793425350|-88.4448305821019716
20121221|0600|1.32019000|22.9078613694000204|26.0978761760283646|-80.2780191138139685
20121221|0700|1.32010000|24.8806515023874368|25.6921346181480602|-81.0599478714153889
20121221|0800|1.31978000|27.6477472205974700|26.3440054856312003|-83.8401390095570208
20121221|0900|1.32160000|35.7097791798115978|29.4659300503580042|-68.0278019113800525
20121221|1000|1.32003000|41.4099931553740675|33.4472844186966967|-81.6681146828838110
20121221|1100|1.32081000|45.2894438138489548|37.3946708837474518|-74.8476936466487502
20121221|1200|1.31998000|46.0963455149504284|40.2952290941484464|-78.9581205311546626
20121221|1300|1.32004000|46.6989436619726916|42.4298006167565305|-70.5963938973628302
20121221|1400|1.32015000|37.5278893351179336|40.7958301895436648|-69.0707350901529367
20121221|1500|1.31695000|27.6929426330989586|36.4282010040620961|-95.2270081490101603
20121221|1600|1.31737000|20.4855842185120274|31.1139954088787434|-90.3376018626321553
20121221|1700|1.31649000|15.1925078043696651|25.8068328740423852|-96.7525195968655680
20121221|1800|1.31675000|12.5748502993995004|21.3961720158280926|-89.5299145299168942
20121221|1900|1.31785000|13.8003607937444920|18.8642349418002270|-77.7777777777788374
20121221|2000|1.31741000|17.8199632578055294|18.5161443804686598|-81.6143497757858968
20121221|2100|1.31821000|23.4606883485930312|20.1643257031767860|-69.2307692307692264
20121221|2200|1.31815000|32.3809523809504114|24.2365345957679957|-67.4863387978165434
20121223|2300|1.31779000|41.0415856976277809|29.8382182963879288|-72.4043715847006411
20121224|0000|1.31788000|46.9831410825183652|35.5531925584314052|-71.1748633879803805
20121224|0100|1.31737000|54.5219638242875818|41.8761163137167998|-78.1420765027346249
20121224|0200|1.31742000|57.6154806491866794|47.1225710922067620|-77.4590163934435624
20121224|0300|1.31767000|58.5758039816227410|50.9403153886787550|-74.0437158469943313
20121224|0400|1.31816000|61.9615032080662686|54.6140446618079238|-67.3497267759577199
20121224|0500|1.31835000|61.8652849740962908|57.0311247659040532|-64.7540983606553340
20121224|0600|1.31822000|67.1497584541112360|60.4040026619731165|-66.5300546448108748
20121224|0700|1.31874000|78.0456852791936484|66.2845635343799700|-59.4262295081978138
20121224|0800|1.31984000|89.7689768976938752|74.1127013221512812|-31.5966386554607298
20121224|0900|1.32174000|93.6204146730506182|80.6152724391177316|-3.8647342995137298
20121224|1000|1.32108000|88.7697160883304122|83.3334203221886299|-17.9289026275124286
20121224|1100|1.32171000|88.9122438255396900|85.1930281566389880|-8.1916537867101003
20121224|1200|1.32193000|85.2980132450340278|85.2280231861040108|-17.8666666666656724
20121224|1300|1.32167000|80.6361829025856594|83.6974097582645698|-21.3333333333314386
20121224|1400|1.32159000|75.2839796318062753|80.8929330494451478|-22.3999999999991957
20121224|1500|1.32143000|72.2948870392392849|78.0269177127098601|-26.3988522238175705
20121224|1600|1.31927000|57.6003242805034432|71.2180532353077212|-62.5000000000004334
20121224|1700|1.31771000|41.6302186878730396|61.3554417194961630|-89.1025641025639175
20121224|1800|1.31863000|31.0774017891869825|51.2627617427264397|-74.3589743589737253
20121224|1900|1.31861000|21.3226909920186358|41.2827381591571765|-74.6794871794850792
20121224|2000|1.31921000|17.5739861161862728|33.3798208115002098|-65.0641025641015602
20121224|2100|1.31887000|22.3044397463007513|29.6880271231003904|-70.5128205128196016
20121226|0000|1.31783000|24.0492170022381551|27.8084237494796440|-87.1794871794850792
20121226|0100|1.31735000|20.6556082148510606|25.4241519046034483|-98.8313856427376436
20121226|0200|1.31807000|23.3516483516497609|24.7333173869522228|-82.0189274447927659
20121226|0300|1.31817000|23.8782051282072736|24.4482799673705742|-80.4416403785468788
20121226|0400|1.31823000|26.2538699690429525|25.0501433012613681|-79.4952681388000570
20121226|0500|1.31759000|30.9908643710499768|27.0303836578575734|-89.5899053627743882
20121226|0600|1.31788000|43.7913907284794988|32.6173860147315510|-85.0157728706623885
20121226|0700|1.31863000|50.6493506493520016|38.6280408929383726|-73.1861198738165371
20121226|0800|1.31951000|59.3724194880270915|45.5428337579679480|-59.3059936908513947
20121226|0900|1.31958000|67.4033149171278012|52.8296608110212348|-58.2018927444789256
20121226|1000|1.32102000|83.0135039090270936|62.8909418436898592|-35.4889589905340516
20121226|1100|1.32100000|91.7193426042988166|72.5004087638928496|-31.9397993311044744
20121226|1200|1.32120000|89.9303695768617644|78.3103957015491688|-21.3627992633524890
20121226|1300|1.32025000|84.0977068793615814|80.2394994274866349|-34.3873517786571697
20121226|1400|1.32014000|78.1818181818168085|79.5536056789300404|-36.5612648221364794
20121226|1500|1.32478000|80.3865131578930630|79.8312415052510574|-1.7521902377975736
20121226|1600|1.32217000|71.4974054855441210|77.0532961653487405|-37.6932223543386940
20121226|1700|1.32265000|66.8166089965392446|73.6410671090789180|-31.9857312722957446
20121226|1800|1.32224000|64.8925937800579788|70.7249093327386050|-36.8608799048736060
20121226|1900|1.32165000|61.7980884109925128|67.7493023588232434|-43.8763376932218634
20121226|2000|1.32188000|51.8385650224225856|62.4457232466896955|-41.1414982164091185
20121226|2100|1.32249000|52.7952167414057670|59.2288877449283860|-33.8882282996433944
20121226|2200|1.32232000|49.6878901373290702|56.0485552090619450|-35.9096313912010956
20121226|2300|1.32195000|43.8398357289531262|51.9789820490256744|-41.7487684729069458
20121227|0000|1.32273000|45.6683168316832352|49.8754269765781970|-32.1428571428575367
20121227|0100|1.32311000|46.1089494163428668|48.6199344564997560|-27.4630541871918760
20121227|0200|1.32288000|41.7654028436031980|46.3350905855342390|-31.7419354838700762
20121227|0300|1.32347000|46.2912087912103942|46.3204633207596288|-24.1290322580652479
20121227|0400|1.32335000|58.5074626865699656|50.3827964426964101|-27.8711484593831572
20121227|0500|1.32307000|54.7222222222254828|51.8292717025394368|-33.9312406576975434
20121227|0600|1.32265000|50.2139800285328661|51.2908411445372537|-40.2092675635283570
20121227|0700|1.32382000|55.6534508076371922|52.7450443655705642|-22.7204783258586930
20121227|0800|1.32488000|60.8983799705472464|55.4628229005627916|-6.8759342301928116
20121227|0900|1.32645000|69.2503176620081860|60.0586544877112658|-7.8014184397174288
20121227|1000|1.32706000|79.2743265530512247|66.4638785094912522|-3.8857142857143496
20121227|1100|1.32650000|86.2934362934370540|73.0737311041398527|-12.2615803814702034
20121227|1200|1.32591000|84.2286205414698657|76.7920275832498618|-25.1264755480606006
20121227|1300|1.32807000|86.2930708065116790|79.9590419910038008|-3.3674963396803906
20121227|1400|1.32806000|88.2740930743856183|82.7307256854644208|-3.5139092240119180
20121227|1500|1.32660000|82.8828828828821430|82.7814447512703282|-24.8901903367497290
20121227|1600|1.32191000|65.2008310249293430|76.9212401758233426|-86.3513513513520934
20121227|1700|1.32264000|54.3059125963999776|69.3827976493488876|-76.4864864864857026
20121227|1800|1.32094000|35.8666266145984522|58.2107406377654115|-89.4289185905233240
20121227|1900|1.32256000|24.9370981269214340|47.1195264674840928|-69.7448359659794194
20121227|2000|1.32365000|24.5378576854893602|39.5923035401525142|-56.5006075334151348
20121227|2100|1.32384000|30.9855649576901086|36.7233906793317146|-54.1919805589298989
20121227|2200|1.32347000|34.6087809663961466|36.0185207750198586|-58.6877278250320274
20121227|2300|1.32339000|41.5871421396278080|37.8747278965558394|-59.6597812879707662
20121228|0000|1.32469000|50.8571428571424350|42.2021995500847069|-43.8639125151899236
20121228|0100|1.32456000|58.1947743467930963|47.5330578156541748|-45.4434993924677429
20121228|0200|1.32411000|63.8057218895543984|52.9572791736209184|-50.9113001215059100
20121228|0300|1.32388000|70.0156985871279574|58.6434189781232718|-53.7059538274618760
20121228|0400|1.32422000|77.1887159533085594|64.8251846365183724|-49.5747266099648058
20121228|0500|1.32419000|70.7770270270286376|66.8091321000217988|-49.9392466585671712
20121228|0600|1.32399000|61.4973262032106760|65.0385301344180959|-52.3693803159180718
20121228|0700|1.32476000|59.0872698158530625|63.0547766948964181|-43.0133657351168424
20121228|0800|1.32499000|60.6721162579481260|62.2605565492469850|-40.2187120291608764
20121228|0900|1.32101000|41.7468541820873256|55.4226557601937629|-88.5783718104502356
20121228|1000|1.31869000|27.5132275132269514|46.1195130112048304|-91.4975845410629490
20121228|1100|1.31729000|18.9284317559637784|37.0558192594578202|-93.4084995663478708
20121228|1200|1.31792000|14.4171779141107042|29.5096054776754500|-87.1534195933457028
20121228|1300|1.31886000|14.2821158690176091|24.4337756081228399|-74.1971207087495088
20121228|1400|1.32103000|22.4754957829949014|23.7810156664135306|-50.1661129568117161
20121228|1500|1.32263000|33.3997785160571965|26.9872699496280858|-32.4473975636773986
20121228|1600|1.32206000|44.3674564148406887|32.7806654380322868|-38.7596899224808666
20121228|1700|1.32189000|55.5115357725465088|40.3576222162036942|-40.6423034330013736
20121228|1800|1.32209000|65.8471275559876404|48.8541239961316762|-38.4274640088598929
20121228|1900|1.32165000|70.2543025943995332|55.9875168622209714|-43.3001107419716434
20121228|2000|1.32209000|71.6918844566705360|61.2223060603708262|-38.4274640088598929
20121228|2100|1.32149000|72.2516166960604665|64.8987429389340492|-45.0719822812843418
20121228|2200|1.32167000|67.7677677677673104|65.8550845485451362|-43.0786267995560195
20121230|2300|1.32125000|60.1340694006310983|63.9480794992404568|-47.7297895902546118
20121231|0000|1.32250000|58.4291187739471667|62.1084259241427006|-33.8870431893691162
20121231|0100|1.32284000|54.5563549160683082|59.5910689214512388|-30.1218161683281025
20121231|0200|1.32255000|51.1867088607611223|56.7896155678878714|-33.3333333333325115
20121231|0300|1.32094000|47.8503184713385110|53.8098498690380894|-51.1627906976746445
20121231|0400|1.32124000|49.3865030674840355|52.3354009351867404|-47.8405315614624200
20121231|0500|1.31964000|36.6252452583372020|47.0986823762368942|-63.9211136890960532
20121231|0600|1.31987000|28.4341435839441168|40.8771694454726386|-53.6111111111131322
20121231|0700|1.31902000|19.4126431060219211|33.7223273323224008|-65.4166666666656909
20121231|0800|1.31904000|18.6966292134827974|28.7137612927092008|-68.1686046511640314
20121231|0900|1.31942000|20.5965336557844588|26.0080187470676201|-66.8217054263564592
20121231|1000|1.31885000|21.6929133858278754|24.5696502933210398|-77.5834658187582704
20121231|1100|1.31893000|23.3104006475126546|24.1499004113849125|-77.5444264943461832
20121231|1200|1.31821000|27.0069987649250898|25.1022665292316383|-82.5878594249193726
20121231|1300|1.31861000|32.3250564334099906|27.5098631639577604|-76.1980830670925258
20121231|1400|1.32120000|42.5841674249325592|32.5346312509493600|-34.8242811501612550
20121231|1500|1.32179000|56.9382273948084502|40.6691632989023902|-25.3993610223641788
20121231|1600|1.31810000|51.3344453711435307|44.2242573229827727|-84.3450479233228237
20121231|1700|1.31842000|49.3885601577912752|45.9456916012522782|-79.2332268370627588
20121231|1800|1.31960000|48.4924623115574250|46.7946151713539962|-60.3833865814721662
20121231|1900|1.31962000|42.6071428571425700|45.3987910666168588|-60.0638977635786944
20121231|2000|1.31950000|34.1463414634146787|41.6479745322161392|-61.9808306709253288
20121231|2100|1.31953000|39.0129682997115665|40.7696391213812888|-61.5015974440922194
20121231|2200|1.31924000|41.7149059334299964|41.0847280587308603|-64.9586776859514288
20130102|0000|1.31969000|42.8784489187182274|41.6826350120599898|-54.5936395759724036
20130102|0100|1.32057000|48.6582478295198158|44.0078392845466055|-38.3928571428560801
20130102|0200|1.32731000|65.3123933082970609|51.1093572924634287|-3.5037878787877356
20130102|0300|1.32926000|78.6278938452861952|60.2822028100710270|-4.7095761381470576
20130102|0400|1.32853000|86.9554753309272286|69.1732936503564275|-10.4395604395608803
20130102|0500|1.32597000|85.5725506407607668|74.6397126471578788|-30.5337519623247964
20130102|0600|1.32652000|82.8071441457691294|77.3621898133616384|-26.2166405023557907
20130102|0700|1.32707000|79.0974287213569625|77.9406027826934178|-21.8995290423867814
20130102|0800|1.32734000|75.3772412568784205|77.0861489407550948|-19.7802197802204312
20130102|0900|1.32809000|73.5049064987957764|75.8924014601019934|-13.8932496075357382
20130102|1000|1.32635000|70.4559915164361286|74.0802648122133718|-27.8129952456426538
20130102|1100|1.32443000|63.6048926840520394|70.5884741028262682|-43.0269413629161122
20130102|1200|1.32483000|55.4988517478940652|65.5585999845155386|-39.8573692551510278
20130102|1300|1.32664000|50.4372355430177564|60.5181451706829492|-25.5150554675117398
20130102|1400|1.32476000|38.7466104248260450|53.2609669220639859|-40.4120443740100939
20130102|1500|1.32531000|41.3588948407099579|49.2936095616126480|-39.1903531438415769
20130102|1600|1.32385000|40.3609281008300158|46.3160490746851110|-51.7657192075797496
20130102|1700|1.31940000|32.8346456692906018|41.8222479395536056|-90.0947459086996361
20130102|1800|1.31685000|21.7511520737324204|35.1318826509465438|-90.8519553072616334
20130102|1900|1.31635000|15.9137577002051938|28.7258410006994326|-94.3435754189946181
20130102|2000|1.31745000|12.2407407407407902|23.2308075807132184|-86.6620111731839132
20130102|2100|1.31842000|13.4011874469890415|19.9542675361384952|-79.8882681564247862
20130102|2200|1.31834000|16.4131169709268932|18.7738840144012968|-80.4469273743008842
20130102|2300|1.31880000|20.3632553265809513|19.3036744517945138|-77.2346368715082719
20130103|0000|1.31825000|25.3268584236090000|21.3114024423993414|-80.7391613361763660
20130103|0100|1.31815000|31.6116160496567674|24.7448069781518178|-81.0181818181820148
20130103|0200|1.31699000|34.6488840500826144|28.0461660021287500|-89.4545454545443164
20130103|0300|1.31266000|30.4892966360862482|28.8605428801145828|-99.7600479904016880
20130103|0400|1.31382000|28.3988957902005410|28.7066605168099046|-91.0535609181874008
20130103|0500|1.31363000|25.2954209748899217|27.5695806695032460|-92.0597014925370161
20130103|0600|1.31378000|19.1881918819193160|24.7757844069752728|-90.9369259032459922
20130103|0700|1.31446000|19.7998787143721132|23.1171491761075529|-86.1271676300580680
20130103|0800|1.31336000|22.8027786167319598|23.0123589896490230|-93.1920359666019920
20130103|0900|1.31630000|30.8236017209587558|25.6161065667522686|-74.3095696852919758
20130103|1000|1.31464000|35.8325219084710724|29.0215783473252067|-84.3791722296394511
20130103|1100|1.30954000|30.8346456692910672|29.6259341213138292|-98.6194477791119226
20130103|1200|1.31115000|28.8895668090299474|29.3804783505525365|-88.9555822328927092
20130103|1300|1.30976000|28.6571428571426914|29.1393665194159226|-89.8813241723924534
20130103|1400|1.31098000|23.5904255319146686|27.2897195235821713|-74.8672566371682536
20130103|1500|1.30995000|20.1644100580265473|24.9146163683969632|-83.3486660533589827
20130103|1600|1.30936000|21.9374559134724834|23.9222295500888044|-88.7764489420422650
20130103|1700|1.31086000|23.3638443935918616|23.7361011645898260|-74.9770009199645812
20130103|1800|1.31104000|27.6401250902082936|25.0374424731293175|-73.3210671573144453
20130103|1900|1.31049000|29.9972729751827884|26.6907193071471412|-78.2205746061178502
20130103|2000|1.30605000|27.9287174992685862|27.1033853711876276|-97.1884498480244759
20130103|2100|1.30533000|27.2838374579888203|27.1635360667880264|-95.8096590909084824
20130103|2200|1.30475000|20.3249442497607973|24.8840054611122846|-98.7734487734487488
20130103|2300|1.30363000|13.7329066045973730|21.1669725089406491|-91.6722632639346956
20130104|0000|1.30229000|6.2422591032947850|16.1920680403920301|-98.9823609226602912
20130104|0100|1.30184000|4.9896527937457486|12.4579296248432706|-99.8671978751666104
20130104|0200|1.30349000|7.1334503950834138|10.6831032149233192|-88.9110225763608782
20130104|0300|1.30228000|7.5576430401368828|9.6412831566611744|-96.9455511288172290
20130104|0400|1.30295000|8.1978967495221191|9.1601543542814898|-92.4966799468786860
20130104|0500|1.30324000|13.2096683530076646|10.5099923538568820|-90.5710491367863852
20130104|0600|1.30418000|23.7998647734967578|14.9399498270701744|-84.3293492695874676
20130104|0700|1.30372000|30.6880540312379396|20.1893178951260950|-85.3054911059551700
20130104|0800|1.30068000|35.3886010362705861|25.2557456088409254|-99.8233215547691658
20130104|0900|1.30138000|34.3423799582471503|28.2846237253096682|-92.3344947735191966
20130104|1000|1.30103000|29.6368989205112002|28.7353821237101812|-92.5612848689772534
20130104|1100|1.30063000|19.1176470588238878|25.5294704354147514|-95.9425190194417894
20130104|1200|1.30019000|11.8070249682607412|20.9553219463634158|-95.6980519480525658
20130104|1300|1.30084000|16.0373528217614236|19.3159989048294207|-90.4220779220781737
20130104|1400|1.30396000|28.9360031409492854|22.5226669835360412|-62.8670120898100252
20130104|1500|1.30617000|47.5667764361502564|30.8707034677407820|-43.2432432432424605
20130104|1600|1.30435000|58.9585474477554924|40.2333181277456902|-56.7343173431745598
20130104|1700|1.30456000|70.6151832460730446|50.3606065005214774|-27.4074074074091847
20130104|1800|1.30480000|79.9874725963044710|60.2362285324491467|-22.8228228228226940
20130104|1900|1.30555000|81.4714714714718014|67.3146428454567030|-11.5615615615608150
20130104|2000|1.30705000|80.7320644216693638|71.7871167041942614|-7.0440251572314576
20130104|2100|1.30794000|84.6516791562584814|76.0753041882156822|-10.0000000000026557
20130104|2200|1.30681000|83.3998859098683880|78.5168314287665794|-22.2826086956531064
20130106|2300|1.30772000|84.0422411264292464|80.3586346613208065|-12.3913043478274876
20130107|0000|1.30669000|79.1907514450858798|79.9693402559091738|-23.5869565217389372
20130107|0100|1.30497000|66.9053042629339104|75.6146615915840954|-42.2826086956535861
20130107|0200|1.30523000|52.0476545048388033|67.7589925626689934|-39.4565217391326756
20130107|0300|1.30535000|44.5046439628472542|60.0075430293950802|-38.1521739130444289
20130107|0400|1.30520000|32.0709105560030423|50.6953322049310772|-39.7826086956517174
20130107|0500|1.30378000|21.1355159552422975|40.8420601217014864|-55.2173913043493698
20130107|0600|1.30350000|18.2809224318668982|33.3216808917566283|-58.2608695652171207
20130107|0700|1.30389000|18.3580858085825902|28.3338158640319513|-54.0217391304357477
20130107|0800|1.30331000|16.3057324840783160|24.3244547373807407|-60.3260869565229072
20130107|0900|1.30239000|15.1030710980235323|21.2506601909283397|-73.8584474885858810
20130107|1000|1.30365000|21.8462823725985836|21.4492009181517567|-61.0070257611244529
20130107|1100|1.30402000|29.6693860025756600|24.1892626129597233|-66.6666666666687036
20130107|1200|1.30322000|33.2733812949633006|27.2173021736275835|-77.6859504132238926
20130107|1300|1.30234000|34.3749999999991474|29.6032014490847716|-89.8071625344358324
20130107|1400|1.30595000|50.7029478458045802|36.6364502479913768|-40.0826446281015478
20130107|1500|1.30552000|59.1568449682682385|44.1432484880836640|-46.0055096418746601
20130107|1600|1.30971000|72.0769230769230660|53.4544733510301314|-3.2219570405727671
20130107|1700|1.30977000|79.9810246679308676|62.2966571233303839|-15.1609553478736725
20130107|1800|1.31073000|89.8373983739826656|71.4769042068811444|-5.1921079958480325
20130107|1900|1.31096000|90.0670177118235387|77.6736087085286186|-8.8607594936685868
20130107|2000|1.31113000|91.6720326250265458|82.3397500140279277|-7.2054527750728221
20130107|2100|1.31128000|91.2262377271777467|85.3019125850778721|-5.7448880233678778
20130107|2200|1.31148000|93.0367074527260058|87.8801775409605882|-3.7974683544293946
20130107|2300|1.31252000|93.4672206832883888|89.7425252550698644|-1.7985611510789358
20130108|0000|1.31229000|93.6279826464211880|91.0376777188536437|-3.8669064748215086
20130108|0100|1.31170000|91.3315754779172551|91.1356436385415236|-9.1726618705037701
20130108|0200|1.31107000|83.9982653946220950|88.7565175572350570|-14.8381294964042142
20130108|0300|1.31278000|77.9448621553877104|85.1526324232859508|-8.9576547231261614
20130108|0400|1.31229000|63.9925373134314058|78.0992673866677762|-12.9478827361563536
20130108|0500|1.31187000|55.0061050061033541|70.4015465931463069|-16.3680781758965175
20130108|0600|1.31229000|52.6817640047654052|64.4949523970193468|-12.9478827361563536
20130108|0700|1.31149000|51.7777777777765564|60.2558941906050905|-20.3404255319141037
20130108|0800|1.31137000|43.9444444444421052|54.8187442752174264|-21.3617021276598109
20130108|0900|1.31224000|43.8848920863292946|51.1741268789213848|-13.9574468085095660
20130108|1000|1.31167000|42.9988974641660774|48.4490504073362871|-18.9374464438738138
20130108|1100|1.31231000|44.9572649572639804|47.2851219239788563|-18.0045871559614490
20130108|1200|1.31228000|51.8672199170102530|48.8124879216559862|-18.5399768250296830
20130108|1300|1.30991000|49.1944764096635510|48.9398174176585172|-81.6872427983567918
20130108|1400|1.30811000|39.0109890109862931|45.6302079487677830|-81.7280453257784388
20130108|1500|1.30842000|35.1982378854600881|42.1528845943318871|-76.9014084507057732
20130108|1600|1.30648000|23.4082397003728602|35.9046696296788780|-95.3608247422662601
20130108|1700|1.30660000|16.6507177033483522|29.4866856542353696|-87.5000000000006680
20130108|1800|1.30691000|16.3218390804593199|25.0984034629766875|-83.7740384615386802
20130108|1900|1.30784000|18.5020804438277048|22.8996291232603610|-72.5961538461527454
20130108|2000|1.30817000|20.8061002178649980|22.2017861547952435|-68.6298076923072388
20130108|2100|1.30789000|28.2232011747426057|24.2089244947776976|-71.9951923076925908
20130108|2200|1.30807000|36.2921716344579011|28.2366735413377654|-69.8317307692302052
20130108|2300|1.30801000|46.8822170900689272|34.4518547242481504|-70.5528846153861054
20130109|0000|1.30819000|58.4967320261430502|42.4668138248797860|-65.6657963446486974
20130109|0100|1.30711000|62.6988803771357938|49.2108360089651242|-79.5244385733167150
20130109|0200|1.30770000|62.7503337783720668|53.7240019321007766|-71.7305151915454502
20130109|0300|1.30730000|57.0459683496621608|54.8313240712879094|-77.0145310435923705
20130109|0400|1.30729000|45.9523809523832796|51.8716763649863708|-77.1466314398944348
20130109|0500|1.30737000|32.7470686767179942|45.4968071355635786|-76.0898282694868016
20130109|0600|1.30843000|42.6985482493603642|44.5640541734958476|-62.0871862615601202
20130109|0700|1.30844000|47.7102414654459822|45.6127832708125638|-61.9047619047620472
20130109|0800|1.30754000|48.4577922077909876|46.5611195831387050|-73.8095238095255582
20130109|0900|1.30889000|59.9366587490084654|51.0196326384286252|-52.5641025641051202
20130109|1000|1.30676000|53.0920060331803470|51.7104237700125396|-72.3502304147496602
20130109|1100|1.30671000|39.8299078667594132|47.7502518022615022|-71.6049382716045386
20130109|1200|1.30493000|24.1165530068172167|39.8723522037800820|-98.0728051391879205
20130109|1300|1.30566000|22.5876010781659248|34.1107684952420343|-75.9368836291909020
20130109|1400|1.30577000|16.0587399336798846|28.0934256413879879|-71.7850287907892834
20130109|1500|1.30466000|17.6910299003312660|24.6259603943690806|-81.6498316498342832
20130109|1600|1.30416000|16.6231830040982232|21.9583679309454638|-90.0673400673420019
20130109|1700|1.30736000|29.0391459074722071|24.3186272564543771|-36.1952861952850853
20130109|1800|1.30680000|37.1439006574127433|28.5937183901071706|-45.6228956228967278
20130109|1900|1.30538000|39.6304675716427824|32.2726347839523769|-69.5286195286209080
20130109|2000|1.30537000|45.0060168471708337|36.5170954716918602|-69.6969696969721896
20130109|2100|1.30621000|56.8551842330757254|43.2964583921531485|-55.5555555555547258
20130109|2200|1.30622000|55.7701149425274282|47.4543439089445798|-55.3872053872071888
20130109|2300|1.30536000|48.2209737827707414|47.7098872002199670|-69.8653198653197336
20130110|0000|1.30525000|46.3309352517984152|47.2502365507461235|-71.7171717171725476
20130110|0100|1.30499000|42.0050125313292426|45.5018285442738346|-76.0942760942758127
20130110|0200|1.30385000|31.0326377742111639|40.6787649542529480|-95.2861952861979234
20130110|0300|1.30475000|23.8122827346481324|35.0566042143846772|-80.1346801346802664
20130110|0400|1.30493000|23.7361282367453868|31.2831122218382518|-77.1043771043797364
20130110|0500|1.30441000|21.5686274509807916|28.0449506315524317|-85.8585858585862810
20130110|0600|1.30441000|23.2081911262802549|26.4326974631283740|-85.8585858585862810
20130110|0700|1.30578000|38.7354651162794994|30.5336200141787516|-49.1954022988529332
20130110|0800|1.30664000|50.0346500346502623|37.0339633543359241|-29.4252873563216291
20130110|0900|1.30644000|57.8145695364250970|43.9608320816989818|-34.0229885057465609
20130110|1000|1.31015000|77.6704240472358692|55.1973627368779489|-1.3493253373335255
20130110|1100|1.30984000|86.2693156732884745|65.5546803823481242|-15.2702702702715954
20130110|1200|1.31021000|86.5786578657866528|72.5626728768276338|-10.5849582172684632
20130110|1300|1.31104000|88.6502084001280224|77.9251847179277632|-7.8780177890732084
20130110|1400|1.31850000|93.0730778386094499|82.9744824248216730|-2.0639147802931546
20130110|1500|1.31875000|91.2811387900355840|85.7433678798929862|-9.6072507552868522
20130110|1600|1.32133000|93.7020993002334706|88.3962783533398238|-2.7716186252768482
20130110|1700|1.32185000|94.9769053117784096|90.5898206728193572|-2.4838012958958324
20130110|1800|1.32589000|96.0766886744542745|92.4187766733643344|-1.0300044782801292
20130110|1900|1.32631000|96.3774323828174460|93.7383285765153858|-0.7929515418505262
20130110|2000|1.32516000|96.7876264128495762|94.7547611886267874|-5.8590308370046556
20130110|2100|1.32505000|95.6933270231898946|95.0676164668144992|-6.3436123348012750
20130110|2200|1.32618000|95.5060520216327404|95.2137616517539129|-1.3656387665199703
20130110|2300|1.32664000|93.6133976724382962|94.6803069919820360|-5.1473640514732697
20130111|0000|1.32718000|91.6486441523875754|93.6697527121172300|-2.9498525073743030
20130111|0100|1.32689000|90.4781281790445746|92.6058778677596878|-4.1719342604290901
20130111|0200|1.32508000|83.1096196868019206|89.4404584741071034|-11.7994100294981462
20130111|0300|1.32581000|73.7108190091013854|84.1972453191052068|-8.8160136286201922
20130111|0400|1.32551000|61.1907866145168598|76.5284257509090936|-10.5053191489361364
20130111|0500|1.32586000|45.8245243128984044|66.2937919382388685|-9.0542357687131609
20130111|0600|1.32616000|28.8860103626963572|53.8245314130580398|-7.9445727482676584
20130111|0700|1.32506000|28.1586021505400481|45.2692216588853782|-15.0399999999991962
20130111|0800|1.32713000|37.4401095140326135|42.6595176106011280|-4.0000000000001892
20130111|0900|1.32573000|39.0733056708164028|41.4641136306728910|-11.4666666666661038
20130111|1000|1.32716000|47.4034620505991242|43.4438964373149759|-5.9967585089137910
20130111|1100|1.32665000|49.9358151476233160|45.6078693407510940|-14.7272727272741726
20130111|1200|1.32512000|48.1572481572455899|46.4576622795825926|-30.9430255402746752
20130111|1300|1.32679000|44.4772593030102854|45.7975279540584950|-20.0000000000018012
20130111|1400|1.33391000|64.6141215106719358|52.0697258062629800|-9.2037983929878795
20130111|1500|1.33390000|69.0067443286312709|57.7153986470524174|-21.7391304347839808
20130111|1600|1.33443000|74.1682974559680020|63.1996982500242837|-17.6170212765956578
20130111|1700|1.33511000|82.0919820919814924|69.4971261973433628|-11.8297872340424224
20130111|1800|1.33584000|86.0902910929056162|75.0281811625307853|-5.6218057921625056
20130111|1900|1.33467000|85.4344122657580982|78.4969248636065516|-15.5877342419078816
20130111|2000|1.33385000|85.3492333901194513|80.7810277057775182|-22.5724020442932058
20130111|2100|1.33354000|83.3596352796774625|81.6405635637441662|-25.2129471890975516
20130111|2200|1.33419000|79.0753768844221270|80.7855013373034866|-19.6763202725725534
20130113|2300|1.33653000|76.5544647031318420|79.3751557925796050|-2.3236514522826166
20130114|0000|1.33572000|73.3199310740946970|77.3567475530846309|-9.0456431535271769
20130114|0100|1.33711000|75.1648351648344146|76.6261100903345636|-1.1208967173741211
20130114|0200|1.33726000|80.3278688524587352|77.8600296777092922|-3.8461538461533862
20130114|0300|1.33906000|86.9143780290788044|80.8781457948324772|-7.9201545396011648
20130114|0400|1.33967000|86.8623853211006178|82.8728923035885288|-3.9922730199617722
20130114|0500|1.33909000|87.8458498023717880|84.5305448031829486|-7.7269800386340278
20130114|0600|1.33856000|83.2380952380955535|84.0997282814871596|-11.1397295556986755
20130114|0700|1.33797000|77.7219956071539286|81.9738173900427540|-14.9388280746947402
20130114|0800|1.33775000|71.6930326489399762|78.5468891430084994|-16.3554410817770730
20130114|0900|1.33568000|55.7458957887230540|70.9465580249133580|-29.6844816484223450
20130114|1000|1.33731000|46.8913857677907302|62.9281672725391488|-21.5007215007214008
20130114|1100|1.33636000|39.4382022471918248|55.0981789307567098|-47.6363636363642656
20130114|1200|1.33624000|34.5508758852047464|48.2490779155727268|-49.0909090909085037
20130114|1300|1.33382000|24.8987108655634870|40.4656222322363136|-89.1184573002745992
20130114|1400|1.33534000|27.9633027522950676|36.2981824055892304|-68.1818181818179028
20130114|1500|1.33511000|24.4370616463651978|32.3444754858478874|-71.3498622589522143
20130114|1600|1.33662000|29.7715549005164740|31.4868352907374174|-50.5509641873283684
20130114|1700|1.33673000|35.7613469985358280|32.9116725266702232|-49.0358126721761138
20130114|1800|1.33616000|45.2581471988280129|37.0271640840561531|-59.9419448476041978
20130114|1900|1.33648000|53.1914893617011941|42.4152725099378358|-56.2776957163976874
20130114|2000|1.33786000|66.7351129363445068|50.5218859854067262|-35.8936484490391834
20130114|2100|1.33836000|72.5403225806449116|57.8613648504861260|-28.5081240768095050
20130114|2200|1.33784000|75.1916095199672014|63.6381130736464868|-36.1890694239303414
20130114|2300|1.33755000|78.9749798224368362|68.7504019899099320|-40.4726735598225674
20130115|0000|1.33762000|75.3288162614591244|70.9432067470930008|-37.4999999999991546
20130115|0100|1.33798000|69.4455685957098439|70.4439940299652960|-30.6376360808716478
20130115|0200|1.33872000|68.1152993348108282|69.6677624649138068|-11.2627986348141232
20130115|0300|1.33774000|63.9465875370910268|67.7607041556395586|-27.9863481228684706
20130115|0400|1.33562000|50.7215392838042406|62.0809825316944597|-64.1638225255972827
20130115|0500|1.33558000|41.8968212610718070|55.3529287748202421|-64.8464163822532528
20130115|0600|1.33558000|31.8458417849883482|47.5172331115429500|-64.8464163822532528
20130115|0700|1.33473000|18.3018867924515227|37.7787843385124802|-79.3515358361785275
20130115|0800|1.33461000|15.6016597510374222|30.3864094760207948|-78.4539473684189802
20130115|0900|1.33729000|29.1061879297173363|29.9596689605863134|-34.3750000000019398
20130115|1000|1.33820000|42.5036390101898008|34.1409923104541449|-19.4078947368411576
20130115|1100|1.33491000|43.8843849136422008|37.3887898448501659|-73.5197368421037964
20130115|1200|1.33463000|45.9279972037761724|40.2351922978255061|-78.1249999999994316
20130115|1300|1.33205000|42.5755584756908476|41.0153143571139509|-86.6430260047274460
20130115|1400|1.33364000|36.2255965292854470|39.4187417478377853|-67.8486997635932312
20130115|1500|1.33325000|26.6355140186928950|35.1576658381228242|-72.4586288416060428
20130115|1600|1.33473000|30.9120699071556828|33.7424671944671104|-54.9645390070918368
20130115|1700|1.33398000|33.4615384615394902|33.6488242834912370|-63.8297872340423852
20130115|1800|1.33342000|36.9743589743602286|34.7573358471142342|-70.0598802395192166
20130115|1900|1.32859000|34.5056566650279920|34.6734427864188178|-82.0906994619527382
20130115|2000|1.32968000|35.8039308548429318|35.0502721425601891|-73.7125288239816428
20130115|2100|1.33119000|37.0776255707760925|35.7260566186321570|-62.1060722521145934
20130115|2200|1.33041000|38.1970465065019482|36.5497199145887564|-68.1014604150644942
20130115|2300|1.32970000|38.9220281210047290|37.3404893167274139|-73.2711732711740069
20130116|0000|1.33080000|44.4251626898039476|39.7020471077529252|-63.5634028892454310
20130116|0100|1.33031000|47.1100200848014339|42.1713714334357661|-67.4959871589091876
20130116|0200|1.32938000|44.6552521980558978|42.9993316883091410|-74.9598715890848126
20130116|0300|1.32831000|41.9067574646408544|42.6351402804197122|-83.5473515248786356
20130116|0400|1.32867000|40.9631209996952918|42.0778005201782435|-80.6581059390045000
20130116|0500|1.32898000|35.9202563189750564|40.0252857864438525|-78.1701444622786994
20130116|0600|1.32921000|31.2003345880393681|37.0836353869756934|-76.3242375601923868
20130116|0700|1.32944000|32.3373493975909838|35.5015400571807902|-74.4783306581060884
20130116|0800|1.32786000|31.8009478672983690|34.2680093272199855|-83.0866807610989184
20130116|0900|1.32711000|31.3043478260868717|33.2801221601756154|-89.4018887722985199
20130116|1000|1.32773000|33.8447233844722462|33.4683225682744948|-82.8961175236095046
20130116|1100|1.33105000|46.9591659426588706|37.9652703597359534|-48.0587618048269647
20130116|1200|1.33084000|53.3819360064809772|43.1041589086509589|-50.2623294858347620
20130116|1300|1.32597000|47.4468878121507913|44.5517352098175722|-95.7035445757255730
20130116|1400|1.32676000|44.6712802768166456|44.5915835654839300|-86.4310148232610942
20130116|1500|1.32753000|41.1691542288555112|43.4507737866077974|-76.8595041322317912
20130116|1600|1.32954000|36.5207030086383710|41.1407501939513267|-41.7888563049853232
20130116|1700|1.33033000|36.0117302052785391|39.4310768643937309|-30.2052785923744303
20130116|1800|1.32824000|42.6686217008803014|40.5102584765559186|-60.8504398826956958
20130116|1900|1.32994000|51.9941348973617110|44.3382172834911899|-35.9237536656865686
20130116|2000|1.32890000|57.2885422915427398|48.6549922861750446|-51.1730205278587747
20130116|2100|1.32832000|55.8786741713580568|51.0628862479027177|-59.6774193548385554
20130116|2200|1.32878000|53.1587561374805802|51.7615095444286766|-52.9325513196461230
20130116|2300|1.32905000|55.9942049981897014|53.1724080290156849|-48.9736070381213366
20130117|0000|1.32853000|49.7737556561084844|52.0395239047132918|-56.5982404692074398
20130117|0100|1.33056000|55.3161592505849527|53.1317356866705168|-26.8328445747798448
20130117|0200|1.33094000|63.1765300961051537|56.4800004898153958|-21.2609970674478177
20130117|0300|1.32997000|64.5993413830945116|59.1864474542417725|-35.4838709677429876
20130117|0400|1.32833000|59.2091007583956710|59.1939985556264077|-59.5307917888551898
20130117|0500|1.32819000|57.6210092687947650|58.6696687933491958|-61.5835777126092624
20130117|0600|1.32804000|44.5673076923088588|53.9688817596690882|-63.7829912023434460
20130117|0700|1.33015000|42.4299065420572745|50.1225566871318193|-32.8445747800587072
20130117|0800|1.32916000|40.4264972776787346|46.8905368839808006|-47.3607038123173538
20130117|0900|1.33391000|57.6027928626852912|50.4612888768822998|-9.4462540716626826
20130117|1000|1.33464000|70.9526982012001070|57.2917586516549094|-9.9403578528816504
20130117|1100|1.33649000|83.5908963191908044|66.0581378741668743|-4.2402826855126863
20130117|1200|1.33625000|86.6360560657318218|72.9174439380218616|-9.1528724440130720
20130117|1300|1.33672000|91.0302517452926310|78.9550465404454514|-8.8372093023254284
20130117|1400|1.33434000|86.3202760300387837|81.4101230369765574|-31.2326227988864602
20130117|1500|1.33443000|82.0960698689957695|81.6387719809829662|-30.3985171455044139
20130117|1600|1.33562000|78.3016942233111877|80.5264127284257114|-19.3697868396655260
20130117|1700|1.33547000|72.5368324125234950|77.8632192897916440|-20.7599629286376626
20130117|1800|1.33627000|66.8800000000006066|74.2021461931946362|-13.3456904541230355
20130117|1900|1.33799000|70.5632949727442594|72.9891957863778486|-5.7069846678019048
20130117|2000|1.33849000|76.8638431921600046|74.2807449216385720|-1.4480408858603260
20130117|2100|1.33712000|76.0379596678535705|74.8664831703769096|-13.1175468483804423
20130117|2200|1.33742000|80.5009633911380434|76.7446432439639636|-10.5621805792154948
20130117|2300|1.33742000|81.3935681470149319|78.2942848783142864|-10.5621805792154948
20130118|0000|1.33730000|78.0632411067201701|78.2172702877829238|-11.5843270868826078
20130118|0100|1.33718000|71.9771241830075468|76.1372215861911315|-12.6064735945478308
20130118|0200|1.33705000|68.3561643835626001|73.5435358519816306|-14.1725352112665846
20130118|0300|1.33672000|60.1992658626132027|69.0954458555254973|-17.9463459759466524
20130118|0400|1.33841000|61.5656268393199398|66.5855061834569710|-2.3191094619653172
20130118|0500|1.33871000|65.0887573964544401|66.0865899211227941|-1.4285714285694866
20130118|0600|1.33812000|65.0293255132020391|65.7341684518158758|-15.4859967051066256
20130118|0700|1.33827000|71.1303095752402470|67.5328821596239948|-14.5547945205448262
20130118|0800|1.33935000|83.2889480692456488|72.7849041294978748|-6.1823802163826498
20130118|0900|1.33624000|64.2375995101081543|69.9358025897012964|-54.2503863987622168
20130118|1000|1.33516000|47.8723404255348584|62.5813152016458218|-70.9428129829967418
20130118|1100|1.33626000|44.8216587881415976|56.6614297304777494|-53.5276073619624172
20130118|1200|1.33516000|37.9955123410640780|50.4394572673398614|-70.3987730061321315
20130118|1300|1.33227000|23.2565682776533685|41.3784942707777077|-96.2676962676947028
20130118|1400|1.33127000|23.0583176565451034|35.2717687327001741|-83.0558276199804055
20130118|1500|1.33207000|23.0657288382252652|31.2030887678752080|-75.2203721841341064
20130118|1600|1.32895000|14.4183989385233655|25.6081921580912636|-99.6309963099627254
20130118|1700|1.33029000|14.4593461860857052|21.8919101674227470|-80.3738317757007366
20130118|1800|1.33199000|21.6867469879518780|21.8235224409324574|-65.9303313508916772
20130118|1900|1.33239000|27.8359146086229536|23.8276531634959596|-62.5318606627017602
20130118|2000|1.33198000|31.7020819918440218|26.4524627729453172|-66.0152931180969915
20130118|2100|1.33199000|45.0697450697453661|32.6582235385453360|-65.9303313508916772
20130118|2200|1.33131000|51.9180241723597362|39.0781570831501384|-71.7077315208153010
20130120|2300|1.33099000|54.9019607843136442|44.3527583168713022|-74.4265080713683745
20130121|0000|1.33171000|59.7093791281370940|49.4716319206265710|-68.3092608326253839
20130121|0100|1.33067000|60.3298969072162734|53.0910535828231360|-77.1452846219195578
20130121|0200|1.33250000|59.7976080956758694|55.3265717537740543|-61.5972812234489596
20130121|0300|1.33219000|61.1140031233731307|57.2557155436404202|-64.2310960067967187
20130121|0400|1.33177000|61.3475177304979269|58.6196496059262558|-67.7994902293953886
20130121|0500|1.33214000|59.2617908407397494|58.8336966841974204|-63.6363636363645214
20130121|0600|1.33153000|65.8149171270728744|61.1607701651559097|-60.6430155210650668
20130121|0700|1.33168000|60.7815771109571444|61.0343724804229879|-58.9800443458977242
20130121|0800|1.33215000|60.2083333333340818|60.7590260980600192|-53.7694013303770078
20130121|0900|1.33037000|48.9909533750873152|56.8363351904024512|-73.5033259423491502
20130121|1000|1.33204000|47.2337482710944485|53.6354728839664504|-26.1818181818158173
20130121|1100|1.33075000|41.8636056718468908|49.7115171465932662|-49.6363636363612600
20130121|1200|1.33128000|39.4078947368455204|46.2769763433440176|-36.2934362934342758
20130121|1300|1.33124000|34.2430149447724333|42.2656558771534918|-37.0656370656358263
20130121|1400|1.33126000|41.6192283364975638|42.0501800302681872|-58.8235294117679430
20130121|1500|1.33092000|35.7541899441339482|39.9515166682234480|-69.3498452012423457
20130121|1600|1.33138000|40.3894472361795707|40.0974935242088293|-55.1083591331262781
20130121|1700|1.33139000|41.6826003824081042|40.6258624769419256|-54.7987616099044176
20130121|1800|1.33157000|46.3562753036421782|42.5360000858420122|-49.2260061919522301
20130121|1900|1.33158000|51.5412186379918468|45.5377396032252904|-48.9164086687303766
20130121|2000|1.33154000|58.1746031746024244|49.7500274603510064|-50.1547987616109268
20130121|2100|1.33123000|58.3623693379791249|52.6208080862270506|-59.7523219814197618
20130121|2200|1.33116000|59.7804391217568138|55.0073517647369812|-61.9195046439590158
20130121|2300|1.33155000|58.8691796008888134|56.2946277101209347|-49.8452012383890732
20130122|0000|1.33089000|48.1481481481515061|53.5791345227977942|-70.2786377708941785
20130122|0100|1.33063000|41.8250950570394836|49.6611213675450288|-78.3281733746143374
20130122|0200|1.33080000|41.6352201257913138|46.9858209536271260|-73.0650154798771467
20130122|0300|1.33085000|41.8491484184949272|45.2735967752497288|-71.5170278637816068
20130122|0400|1.33264000|53.2574974146874638|47.9348969883956428|-16.0990712074265936
20130122|0500|1.33418000|64.8667601683041824|53.5788513816984918|-26.7241379310343490
20130122|0600|1.33428000|71.3495575221258349|59.5024200951742800|-24.9999999999961702
20130122|0700|1.33597000|80.2041722148264142|66.4030041350583247|-6.0653188180387918
20130122|0800|1.33607000|83.6866690621642420|72.1642257774269638|-14.1258741258766278
20130122|0900|1.33394000|76.5255292652566368|73.6179936067035214|-44.1631504922622327
20130122|1000|1.33035000|65.5284552845536156|70.9214808326535576|-63.8519924098683944
20130122|1100|1.33484000|67.5863723608445072|69.8097780087172168|-21.2523719165087393
20130122|1200|1.33453000|65.8084224307217768|68.4759928160520702|-24.1935483870972838
20130122|1300|1.33245000|60.8404384896467718|65.9308080405836420|-43.9278937381396090
20130122|1400|1.33135000|58.4819734345348508|63.4478631719007140|-54.3643263757117268
20130122|1500|1.33134000|60.3605313092977483|62.4187525510330659|-54.4592030360539070
20130122|1600|1.32860000|48.9097169089516584|57.9157406703392680|-80.4554079696399214
20130122|1700|1.33022000|40.9949865021209376|52.2754892809331651|-65.0853889943082749
20130122|1800|1.33045000|35.9347003782595210|46.8285596467086194|-62.9032258064529372
20130122|1900|1.33132000|34.5884773662548426|42.7485322198906986|-54.6489563567361572
20130122|2000|1.33167000|35.0958360872435407|40.1976335090083126|-51.3282732447831123
20130122|2100|1.33173000|44.6138465383653512|41.6697045187939922|-50.7590132827321554
20130122|2200|1.33206000|53.1492666091460180|45.4962252155780078|-47.6280834914613608
20130122|2300|1.33217000|65.5205968212784030|52.1710157508114776|-46.5844402277037304
20130123|0000|1.33117000|74.3820224719098207|59.5746846578442586|-56.0721062618603909
20130123|0100|1.33168000|79.9191374663067506|66.3561689273317654|-51.2333965844409321
20130123|0200|1.33165000|75.3486055776884740|69.3536478107839969|-51.5180265654653624
20130123|0300|1.33165000|67.1537112799525318|68.6203356338401846|-51.5180265654653624
20130123|0400|1.33135000|52.9537366548038832|63.3981359741614199|-54.3643263757117268
20130123|0500|1.33102000|40.9207161125327374|55.9056626869518638|-55.7312252964418918
20130123|0600|1.33087000|30.3083700440550956|47.3732318059862792|-57.2134387351780163
20130123|0700|1.33006000|21.4876033057872178|38.7446889725865944|-74.0740740740736072
20130123|0800|1.32983000|20.7282913165292230|32.7392230872341372|-76.6554433221090080
20130123|0900|1.32967000|22.5729600952977130|29.3504687565886649|-73.8062755798072488
20130123|1000|1.33305000|38.6104218362306214|32.4371197831359837|-18.9602446483166602
20130123|1100|1.33349000|52.2274077216820061|39.0338824293179911|-13.6842105263151926
20130123|1200|1.33362000|64.8339060710210050|47.6338903098856576|-11.7293233082706418
20130123|1300|1.33372000|73.0782488796976395|56.1153431664896516|-22.3118279569888394
20130123|1400|1.33343000|79.2380952380951698|63.8229271903581648|-28.2199710564417714
20130123|1500|1.33352000|78.0300705737954132|68.5586416515039190|-26.9175108538347380
20130123|1600|1.32810000|62.0583286595624486|66.3918706541901003|-80.8888888888872942
20130123|1700|1.33064000|54.8412083656082174|62.5416498913294774|-52.6666666666655986
20130123|1800|1.33065000|49.6325330720235628|58.2386109515608439|-52.5555555555562250
20130123|1900|1.33128000|47.0752738289448374|54.5174985773555108|-45.5555555555548680
20130123|2000|1.33195000|46.0444444444449843|51.6931471997186734|-38.1111111111111001
20130123|2100|1.33184000|55.2144469525964397|52.8669137840112668|-39.3333333333314386
20130123|2200|1.33166000|58.8860642477473278|54.8732972719232920|-41.3333333333321846
20130123|2300|1.33094000|61.0085227272737498|56.9183724237067850|-49.3333333333326749
20130124|0000|1.33060000|62.8751974723547918|58.9039807732561230|-53.1111111111104819
20130124|0100|1.33042000|60.1394169835243631|59.3157928433455339|-55.1111111111112209
20130124|0200|1.33068000|56.1078998073228235|58.2464951646713019|-52.2222222222207151
20130124|0300|1.33170000|54.6769527483135890|57.0566476925520689|-40.8888888888873012
20130124|0400|1.33153000|55.8274307791373446|56.6469087214138298|-42.7777777777786668
20130124|0500|1.33124000|53.5793357933583394|55.6243844120619998|-45.9999999999997514
20130124|0600|1.33110000|58.6307356154410968|56.6265014798550368|-47.5555555555556070
20130124|0700|1.33426000|74.0764331210183968|62.4431453602428235|-12.4444444444443896
20130124|0800|1.33031000|57.1587743732575717|60.6816883645810776|-56.3333333333340321
20130124|0900|1.33202000|55.7069046500697098|59.0234271264106241|-37.3333333333331723
20130124|1000|1.33185000|55.1360129922851883|57.7276224150354836|-34.0963855421691946
20130124|1100|1.33265000|58.0622095101894971|57.8391514467534904|-23.9999999999981704
20130124|1200|1.33225000|52.1591295477726789|55.9458108137598912|-28.8484848484851214
20130124|1300|1.33257000|61.2786885245905282|57.7234367173701060|-29.2613636363632068
20130124|1400|1.33521000|69.1748340183373074|61.5405691510258492|-7.6071922544957832
20130124|1500|1.33426000|73.0306674684308348|65.3706019234941778|-25.8732212160413724
20130124|1600|1.33729000|79.4998625996146870|70.0803554822010142|-5.0920910075860117
20130124|1700|1.33765000|82.7189542483654776|74.2932217375891639|-14.3661971830988211
20130124|1800|1.33720000|83.7197706307645150|77.4354047019809571|-18.5915492957754332
20130124|1900|1.33679000|79.1271820448867089|77.9993304829495458|-22.4413145539915817
20130124|2000|1.33712000|78.5659801678099114|78.1882137112363296|-19.3427230046942853
20130124|2100|1.33716000|72.8139471533633440|76.3967915252786725|-18.9671361502359020
20130124|2200|1.33753000|70.6139074774506384|74.4691635093359992|-15.4929577464781386
20130124|2300|1.33783000|69.8695513840277870|72.9359594675665904|-12.6760563380277578
20130125|0000|1.33667000|64.6125461254614636|70.1614883535315528|-23.5680751173708992
20130125|0100|1.33663000|58.8904047294220732|66.4044604788283977|-23.9436619718313680
20130125|0200|1.33575000|47.2533632286996550|60.0207613954521548|-32.2065727699533184
20130125|0300|1.33641000|38.6554621848723486|52.8989949919255552|-26.0093896713628965
20130125|0400|1.33551000|21.3868613138656798|42.3949504325722657|-34.4600938967140422
20130125|0500|1.33611000|26.8136557610210390|37.2011855420551925|-28.8262910798111954
20130125|0600|1.33670000|34.4963791968364362|36.2995834269822737|-31.1557788944729630
20130125|0700|1.33802000|51.3296227581905527|41.3095965373850334|-14.5728643216087264
20130125|0800|1.34084000|64.2280524722484359|48.9490818490061698|-9.6642929806714744
20130125|0900|1.34221000|78.6003236245950774|58.8328291075358082|-7.6709796672817232
20130125|1000|1.34358000|87.4796747967473892|68.3817776706063399|-5.0862068965524800
20130125|1100|1.34178000|84.1783912928057987|73.6473155446728356|-28.5217391304347316
20130125|1200|1.34306000|80.2640264026401411|75.8528858306619328|-27.1685761047464602
20130125|1300|1.34523000|81.0586088014597124|77.5881268209278688|-11.3207547169829290
20130125|1400|1.34544000|80.9879379666852372|78.7213972028470010|-11.8629908103592214
20130125|1500|1.34718000|81.8112488083886262|79.7513477380275476|-1.6012810248196936
20130125|1600|1.34753000|86.9957856712817942|82.1661603824456393|-1.7107309486789362
20130125|1700|1.34549000|88.0537800308569274|84.1287002652494067|-17.5738724727834460
20130125|1800|1.34503000|83.4946757018390998|83.9173587441126472|-21.1508553654749818
20130125|1900|1.34616000|81.0209068693997665|82.9518747858750202|-12.3639191290823973
20130125|2000|1.34634000|74.4468681832346562|80.1168725849949084|-10.9642301710725150
20130125|2100|1.34589000|65.4251581166553962|75.2196344288817471|-14.4634525660963558
20130125|2200|1.34531000|59.3838670449941972|69.9410453009192282|-18.9735614307933282
20130128|0700|1.34449000|50.9065550906557718|63.5962152308314188|-25.3499222395029023
20130128|0800|1.34315000|31.4681724845998830|52.8868676487542402|-36.5369340746622840
20130128|0900|1.34442000|24.8710010319911846|43.5482454431665574|-26.4495631453541478
20130128|1000|1.34555000|30.4070622854340904|39.1678510572557386|-18.3946488294313149
20130128|1100|1.34496000|37.3641304347828509|38.5666108497647784|-23.3277591973250580
20130128|1200|1.34359000|40.2016659359941073|39.1116292118412261|-42.1479229989860400
20130128|1300|1.34387000|47.4017171260737911|41.8749918499187502|-53.2967032967050898
20130128|1400|1.34646000|56.1128526645774599|46.6209454548049892|-19.0828402366869341
20130128|1500|1.34662000|59.3368237347294283|50.8595715481131380|-16.8405365126687984
20130128|1600|1.34614000|62.8668651637604868|54.8620027533289232|-24.4680851063811852
20130128|1700|1.34586000|69.3228736581333891|59.6822930549304190|-35.1955307262553632
20130128|1800|1.34573000|72.3877632101705473|63.9174497733438046|-37.6163873370553858
20130128|1900|1.34483000|64.3056108237159805|64.0468367901345346|-54.3761638733702242
20130128|2000|1.34550000|59.1497975708493158|62.4144903837061307|-41.8994413407829570
20130128|2100|1.34533000|54.8841059602641864|59.9043622425588182|-43.8095238095215508
20130128|2200|1.34540000|51.9661733615209584|57.2582992822128745|-42.4761904761922224
20130128|2300|1.34446000|47.0899470899456816|53.8688485514571482|-60.3809523809523228
20130129|0000|1.34464000|44.0193704600480373|50.5856891876541114|-56.9523809523797126
20130129|0100|1.34513000|41.0169491525419900|47.3961091759500732|-47.6190476190490274
20130129|0200|1.34462000|35.5495251017618586|43.4472478178873374|-57.3333333333345721
20130129|0300|1.34507000|31.8900915903399210|39.5948624087048700|-48.7619047619051572
20130129|0400|1.34512000|34.4096871846615500|37.8664706673570990|-47.8095238095222328
20130129|0500|1.34559000|48.9841986455977648|41.5723799934373234|-38.8571428571421792
20130129|0600|1.34466000|44.7880870561294344|42.6442823476680318|-59.5190380761545016
20130129|0700|1.34417000|43.6227224008604750|42.9704290320655176|-71.7842323651449164
20130129|0800|1.34373000|38.9249304911975074|41.6219295184428546|-80.0821355236163157
20130129|0900|1.34537000|48.3265306122465433|43.8567965497107508|-46.4065708418907619
20130129|1000|1.34403000|42.4927113702639190|43.4021014898951450|-73.9219712525653990
20130129|1100|1.34255000|38.4615384615411956|41.7552471471104952|-85.6661045531162132
20130129|1200|1.34292000|39.2548596112324404|40.9217846351511412|-72.2123893805333097
20130129|1300|1.34293000|39.8583712696017188|40.5673135133013362|-72.0353982300896689
20130129|1400|1.34403000|37.8211227402487040|39.6519165889504634|-44.0501043841341229
20130129|1500|1.34824000|52.9251170046811978|44.0763167275273773|-12.0051085568319333
20130129|1600|1.34753000|63.9377537212447820|50.6967957254331836|-24.5421245421256060
20130129|1700|1.34829000|73.2568668880170293|58.2168194462944726|-15.2625152625150875
20130129|1800|1.34795000|79.4628323385786218|65.2988237437225223|-19.4139194139193627
20130129|1900|1.34817000|82.3601872382362928|70.9859449085604410|-16.7277167277153218
20130129|2000|1.34859000|81.7703109327985374|74.5807335833064826|-12.6658624849216768
20130129|2100|1.34903000|84.8750322081941420|78.0121664582690357|-7.3582629674307141
20130129|2200|1.34903000|85.5684326710820358|80.5309218625400406|-7.3582629674307141
20130129|2300|1.34861000|85.2121595946803012|82.0913344399201321|-12.4246079614004561
20130130|0000|1.34866000|84.1010401188705288|82.7612363329036072|-11.8214716525933864
20130130|0100|1.34870000|81.0282074613285346|82.1835600423785877|-11.3389626055482662
20130130|0200|1.34884000|73.8452309538096614|79.4041170128556218|-9.6501809408916852
20130130|0300|1.34923000|66.8525896414348892|75.2202745557153776|-4.9457177322077924
20130130|0400|1.34882000|62.0117187500005969|70.8174226204771174|-9.8914354644155846
20130130|0500|1.34872000|53.3333333333323907|64.9893928580955418|-11.0977080820270455
20130130|0600|1.34871000|48.7332339791339422|59.5706732317750110|-11.2183353437863165
20130130|0700|1.34896000|49.7592295345070852|56.3001919993523714|-8.2026537997590037
20130130|0800|1.35114000|61.9458128078791716|58.1820656021946405|-3.6417322834644034
20130130|0900|1.35046000|67.1525753158394849|61.1722355067429220|-11.6796440489431498
20130130|1000|1.35296000|77.6414451261068166|66.6619720465308916|-5.6910569105702146
20130130|1100|1.35548000|86.0215053763429722|73.1151498231349280|-3.7783375314866344
20130130|1200|1.35439000|84.6536412078149852|76.9613136180282850|-18.0198019801973572
20130130|1300|1.35411000|81.5829528158292164|78.5018600172952574|-20.7920792079207040
20130130|1400|1.35385000|80.3994673768307848|79.1343958038071094|-26.9714285714275200
20130130|1500|1.35486000|79.5079888409842966|79.2589268161995051|-16.1097852028638364
20130130|1600|1.35686000|78.6346396965868450|79.0508311096619565|-8.5774058577410238
20130130|1700|1.35629000|79.2248062015507060|79.1088228069582158|-14.7181628392476292
20130130|1800|1.35727000|82.3887199336472236|80.2021218491878898|-4.4885177453020244
20130130|1900|1.35669000|84.5870432913729218|81.6637623299162386|-10.5427974947804142
20130130|2000|1.35659000|81.3111545988263203|81.5462264195529372|-19.5631528964858958
20130130|2100|1.35635000|74.4053958111472298|79.1659495500843775|-21.8423551756883612
20130130|2200|1.35659000|69.8040722243569292|76.0453237748419042|-19.5631528964858958
20130130|2300|1.35671000|61.4403292181073369|71.1769922559303865|-18.4235517568836080
20130131|0000|1.35676000|54.8656979304273734|65.7398941474293964|-17.9487179487175688
20130131|0100|1.35701000|51.2158808933010832|60.8985563960532944|-15.5745489078810540
20130131|0200|1.35633000|44.0022740193307413|55.2664622704791171|-22.0322886989543534
20130131|0300|1.35658000|35.8490566037766386|48.7939937149116290|-19.6581196581178368
20130131|0400|1.35717000|35.9969558599723812|44.5283144299318820|-15.1174668028593562
20130131|0500|1.35675000|37.4677002584008250|42.1747763727548630|-21.3483146067419370
20130131|0600|1.35819000|47.4358974358999106|43.9284833938032194|-5.6166056166045114
20130131|0700|1.35566000|46.3306808134398409|44.7292158670154266|-45.9293394777272042
20130131|0800|1.35512000|42.1560740144795503|43.8715019161701322|-64.8897058823548748
20130131|0900|1.35628000|41.1328388401881711|42.9586142241761450|-43.5661764705888146
20130131|1000|1.35613000|41.7525773195881912|42.5566019226468272|-46.3235294117629977
20130131|1100|1.35536000|32.5376232485742208|39.2169423646226250|-64.5098039215660606
20130131|1200|1.35515000|33.3826429980297590|37.2721759090916720|-75.7575757575747418
20130131|1300|1.35533000|35.3112840466944391|36.6185452882925944|-71.8614718614740298
20130131|1400|1.35631000|36.4819277108455112|36.5730060958102356|-50.6493506493477170
20130131|1500|1.35723000|44.0886699507399769|39.0782273807868137|-30.7359307359312552
20130131|1600|1.35729000|51.5950069348119484|43.2504872321285277|-38.8367729831185002
20130131|1700|1.35824000|62.8306878306858394|49.7772207649809674|-21.0131332082592870
20130131|1800|1.35835000|72.7770754319402898|57.4438389873007438|-18.9493433395903672
20130131|1900|1.35766000|74.8693204664225506|63.2523328136746841|-31.8949343339590358
20130131|2000|1.35737000|69.9428571428543222|65.4825075900678968|-37.3358348968130756
20130131|2100|1.35773000|71.1798839458393928|67.3816330419917336|-30.5816135084428318
20130131|2200|1.35755000|66.0267111853074482|66.9299924230969764|-33.9587242026279554
20130131|2300|1.35858000|62.9681647940058654|65.6093832133999514|-14.6341463414674796
20130201|0000|1.36105000|67.6974310180770118|66.3053991482923095|-7.6315789473659992
20130201|0100|1.36104000|74.0491092922486303|68.8866358629444164|-7.7631578947352856
20130201|0200|1.36102000|76.4678030303026334|71.4136915853971601|-14.7560975609775316
20130201|0300|1.36054000|78.8763066202092632|73.9012299303345372|-20.6097560975606378
20130201|0400|1.36073000|78.0535855003947461|75.2853484536879450|-18.2926829268299933
20130201|0500|1.36223000|77.3277819833464690|75.9661596302407816|-10.8695652173902548
20130201|0600|1.36174000|75.1890529348217882|75.7071240651011124|-16.1956521739131709
20130201|0700|1.36182000|74.2088032011647272|75.2076837771223268|-15.3260869565209834
20130201|0800|1.36266000|74.6753246753248874|75.0302307431898470|-12.4746450304266414
20130201|0900|1.36499000|78.4492588369439403|76.1699067744412162|-4.8648648648666812
20130201|1000|1.36684000|80.9037900874631504|77.7478678787818610|-4.3913713405235733
20130201|1100|1.36639000|83.2807570977913230|79.5921642851183436|-8.8772845953004432
20130201|1200|1.36373000|77.0309951060348652|78.7384412254238556|-34.1372912801495687
20130201|1300|1.36547000|76.8310911808660110|78.1026578772379025|-18.0129990714954715
20130201|1400|1.36561000|74.2129364625066046|76.8060840723274794|-17.2084130019120494
20130201|1500|1.35971000|55.9618008185529874|69.8579896544026582|-73.6137667304009540
20130201|1600|1.36945000|62.2418879056039103|67.3192890714697399|-1.8838304552591390
20130201|1700|1.36901000|70.2802520095585521|68.3062767174993440|-14.3575017946877388
20130201|1800|1.36701000|69.5727817514012372|68.7284450621333178|-28.9645184648803386
20130201|1900|1.36621000|67.3689709211209476|68.2752870151291944|-34.7574221578573700
20130201|2000|1.36613000|73.9144682942812068|70.1550141081798699|-38.1846635367761351
20130201|2100|1.36542000|65.8861267040895626|68.7320516401497628|-44.8275862068964912
20130201|2200|1.36384000|57.5942261427421300|65.0194431410138805|-57.4979951884533378
20130203|2300|1.36484000|53.9588027035720828|61.3325629951999503|-49.4787489975943728
20130204|0000|1.36442000|46.5353499824124982|56.4001586576041376|-52.8468323977554562
20130204|0100|1.36427000|38.8185654008430988|50.5396275720171246|-54.0497193263849312
20130204|0200|1.36243000|29.5767950546829078|43.5520167329057202|-68.8051323175625100
20130204|0300|1.36226000|20.9584295612000346|36.0208210090038321|-70.1684041700084151
20130204|0400|1.36282000|6.9210624766161590|26.3209014982079452|-65.6776263031287472
20130204|0500|1.36203000|6.3398140321202625|19.6605390095120534|-72.0128307939053798
20130204|0600|1.36257000|8.2142857142852606|15.8451212444364558|-67.6824378508421490
20130204|0700|1.36277000|13.3679735474726478|15.0194053454485204|-66.0785886126707140
20130204|0800|1.36254000|18.1106471816291901|16.0498192908420805|-67.9230152365676786
20130204|0900|1.35942000|15.7398212512431322|15.9464866109757644|-92.9430633520449590
20130204|1000|1.35859000|16.8047882136287258|16.2325871451934205|-94.4486692015216960
20130204|1100|1.35663000|14.3139580862006391|15.5930441255291612|-94.9801849405542526
20130204|1200|1.35587000|9.9999999999998508|13.7286960836860602|-97.7404777275671394
20130204|1300|1.35698000|11.0603029436981490|12.8392317036900892|-89.4770408163256548
20130204|1400|1.35699000|14.8061410356489170|13.4948681476763658|-84.7328244274810914
20130204|1500|1.35733000|18.0722891566263257|15.0206751506596863|-79.5161290322581210
20130204|1600|1.35569000|19.0419447092469909|16.3610983368554557|-90.1960784313710491
20130204|1700|1.35256000|18.5870080606927210|17.1030682448012108|-98.5845718329796342
20130204|1800|1.35339000|17.9286761113827282|17.3782708669950523|-91.5812591508052520
20130204|1900|1.35101000|14.4259818731123808|16.3941745357008273|-96.1886304909554753
20130204|2000|1.35178000|11.8181818181826106|14.8688436298614236|-90.8663532572194726
20130204|2100|1.35121000|10.7915567282326972|13.5097479959851832|-94.5138888888884026
20130204|2200|1.35121000|12.5840279645073636|13.2011746521592457|-94.3369175627235706
20130204|2300|1.35024000|10.3699843668580823|12.2574445570588573|-96.7320261437920266
20130205|0000|1.35097000|12.3814684367380608|12.2987858502852596|-91.4306463326074521
20130205|0100|1.34943000|10.3727246460554845|11.6567654488753352|-97.3811164714002473
20130205|0200|1.35038000|13.0737575182006314|12.1290961386504357|-90.8339076498977960
20130205|0300|1.34977000|15.0481838398789947|13.1021253723932905|-95.0379048931782791
20130205|0400|1.34925000|19.3794964028760220|15.1945823825542021|-95.3364423717512608
20130205|0500|1.34855000|16.7340748230510386|15.7077465293864816|-98.7341772151909396
20130205|0600|1.34836000|17.5865800865777118|16.3340243817835571|-97.4562798092219396
20130205|0700|1.34648000|12.0165033522421130|14.8948507052697430|-96.8844984802429536
20130205|0800|1.34690000|12.4268347591170354|14.0721787232188405|-90.5891980360065930
20130205|0900|1.35286000|35.4054054054044230|21.1832542839473703|-41.8166939443534460
20130205|1000|1.35233000|49.9358563181526022|30.7674549620157834|-46.1538461538454570
20130205|1100|1.35454000|65.7010112052476814|42.4119737097597494|-28.0687397708662090
20130205|1200|1.35548000|79.3341260404279183|54.7193578199824772|-20.3764320785589384
20130205|1300|1.35426000|86.2894681076495971|65.2427279158715123|-21.9266055045879398
20130205|1400|1.35161000|77.4529042386182312|69.3127866901204186|-46.2385321100926135
20130205|1500|1.35294000|75.6797583081565222|71.4351105627991245|-34.0366972477069467
20130205|1600|1.35280000|69.7548193898550296|70.8750135051510882|-35.3211009174319699
20130205|1700|1.35662000|65.3676329429826098|69.0392199844282715|-21.9109195402299726
20130205|1800|1.35836000|66.5812807881769260|68.2199069190111516|-9.4109195402293722
20130205|1900|1.35800000|72.4954462659381846|69.6450867013201674|-11.9971264367805048
20130205|2000|1.35847000|76.9502808404415504|72.0801514143606283|-8.6206896551715070
20130205|2100|1.35780000|80.9623430962355002|75.0408819749855809|-13.4339080459757572
20130205|2200|1.35822000|84.3096234309636259|78.1304624603116054|-10.4166666666663677
20130205|2300|1.35813000|83.0296377607039489|79.7635208937757200|-11.0632183908037511
20130206|0000|1.35808000|82.3325635103937401|80.6198684326484028|-11.4224137931033632
20130206|0100|1.35819000|79.8549556809034584|80.3648975154000880|-10.6321839080454962
20130206|0200|1.35946000|81.0792804796804774|80.6030251701602226|-1.5086206896554922
20130206|0300|1.35828000|76.0631302060498911|79.0897268487901215|-9.9856321839081108
20130206|0400|1.35807000|69.9719887955182714|76.0504808310328428|-11.4942528735620080
20130206|0500|1.35759000|55.8572536850283542|69.3194051156980180|-16.1867704280147180
20130206|0600|1.35608000|37.4903175832706524|58.7097092715555676|-37.5523012552298852
20130206|0700|1.35646000|21.6560509554169550|46.3584898328427073|-33.5774058577398620
20130206|0800|1.35440000|18.8822571893679872|37.1997456183511375|-55.1255230125510352
20130206|0900|1.35423000|22.8336755646832934|32.4110556004618573|-56.9037656903753372
20130206|1000|1.35381000|25.4461335095843282|30.0894149035026821|-61.2970711297067794
20130206|1100|1.35431000|31.4411764705884665|30.5400020925312816|-56.0669456066948158
20130206|1200|1.35296000|31.7744521646177276|30.9514854498934326|-79.5966785290633824
20130206|1300|1.35264000|32.8578838174273430|31.5869515724047362|-75.1871657753999188
20130206|1400|1.34975000|26.6004703423044404|29.9247911623713066|-95.1267056530219435
20130206|1500|1.35244000|28.4735038228314750|29.4410287158580317|-68.9083820662763600
20130206|1600|1.35364000|33.4068357221610413|30.7629643846257040|-57.2124756335290314
20130206|1700|1.35270000|39.9020455200233002|33.8093247630915670|-66.3742690058482055
20130206|1800|1.35129000|41.9604205318492020|36.5263566860107788|-80.1169590643269487
20130206|1900|1.35116000|50.9004417261304312|41.3177183660506700|-81.3840155945410260
20130206|2000|1.35243000|56.3205417607229180|46.3186594976080883|-69.0058479532165592
20130206|2100|1.35215000|51.7466410748564272|48.1279866900242013|-71.7348927875251406
20130206|2200|1.35210000|49.1471638238804260|48.4677124013096120|-72.2222222222218591
20130206|2300|1.35177000|48.2073434125286653|48.3809227383826368|-75.4146341463403900
20130207|0000|1.35210000|49.0094339622660371|48.5904264796771060|-69.1558441558436670
20130207|0100|1.35140000|40.6914893617042992|45.9574474403528442|-76.0579064587986977
20130207|0200|1.35125000|34.4980940279571798|42.1376629695542917|-77.4266365688484086
20130207|0300|1.35078000|24.9050873196669720|36.3934710862585220|-80.8270676691750226
20130207|0400|1.35054000|22.6710634789776222|31.8193352171648912|-83.7121212121208914
20130207|0500|1.35102000|21.1229946524058363|28.2538883622452097|-68.3928571428552914
20130207|0600|1.35260000|37.6211453744486590|31.3763073663130285|-38.1918819188196253
20130207|0700|1.35356000|53.6186770428002006|38.7904305918087574|-20.4797047970511166
20130207|0800|1.35279000|62.4830393487106904|46.6879668441094040|-30.1775147929005740
20130207|0900|1.35628000|75.3528225806446699|56.2429187562878284|-16.6073546856474294
20130207|1000|1.35592000|79.2415169660673087|63.9091181595476598|-20.8778173190984192
20130207|1100|1.35692000|81.4627569935959316|69.7603311042304172|-9.5717884130965540
20130207|1200|1.35630000|79.9699699699700516|73.1635440594769619|-18.5983827493253386
20130207|1300|1.35591000|80.4100858963704042|75.5790580051081236|-23.8544474393538232
20130207|1400|1.34634000|57.6021934197413330|69.5867698099858672|-99.0393013100431858
20130207|1500|1.34300000|38.4029635727519150|59.1921677309078831|-92.3851478917562190
20130207|1600|1.33887000|22.4753595088060898|46.9532316568739532|-90.7818532818529320
20130207|1700|1.33804000|12.2625215889465267|35.3896616342314801|-94.7876447876449504
20130207|1800|1.33998000|8.2267115600449437|26.3353449428359703|-85.4247104247103693
20130207|1900|1.33975000|10.2028335541739246|20.9578411466152908|-86.5347490347487422
20130207|2000|1.34022000|11.7498051441934166|17.8884958124746696|-84.2664092664091271
20130207|2100|1.33977000|12.7697310079813172|16.1822408776435509|-86.4382239382230182
20130207|2200|1.33954000|15.7860262008736606|16.0501693187202541|-87.5482625482624570
20130207|2300|1.33938000|17.9510426110611406|16.6837937495005520|-88.3204633204629346
20130208|0000|1.33818000|19.1514338420260089|17.5063404470090376|-94.1119691119691311
20130208|0100|1.33950000|23.0071599045350865|19.3399469328510563|-87.7413127413117736
20130208|0200|1.34036000|36.8869071747059394|25.1889336801360173|-83.5907335907333078
20130208|0300|1.34103000|54.0571428571420967|34.8116700724713724|-80.3571428571428328
20130208|0400|1.34088000|66.2845583277135973|45.3026328242187830|-81.0810810810804412
20130208|0500|1.34093000|79.7411003236243374|56.7821219906873012|-80.8397683397682698
20130208|0600|1.34001000|78.4747847478459732|64.0130095764068585|-85.1364522417154746
20130208|0700|1.34022000|72.4454649827766844|66.8238280451968052|-84.1130604288497779
20130208|0800|1.33964000|64.4203312392902632|66.0226624432279579|-86.9012707722385330
20130208|0900|1.34094000|64.7159090909073030|65.5870779924544110|-80.5093046033297100
20130208|1000|1.34163000|64.8850881881333380|65.3530813910140580|-76.1369443025041903
20130208|1100|1.34090000|65.3999999999995083|65.3687209273425367|-62.9350893697083436
20130208|1200|1.34123000|66.4161578205727921|65.7178665584192886|-30.3425774877673220
20130208|1300|1.33867000|59.5680345572356630|63.6679225580247562|-76.8946395563772144
20130208|1400|1.33767000|47.6406191015486514|58.3254880725327212|-74.8911465892566640
20130208|1500|1.33839000|39.9026763990278254|52.1845508480310940|-64.4412191581997007
20130208|1600|1.33803000|34.6938775510216432|46.3543264156946151|-69.6661828737281752
20130208|1700|1.33647000|24.4161358811055998|39.0415962374982826|-92.3076923076903313
20130208|1800|1.33539000|19.7495731360289676|32.6109218703418478|-98.1530343007911483
20130208|1900|1.33580000|16.3497019585585975|27.1905152330807667|-92.7440633245404484
20130208|2000|1.33613000|11.8629671574182770|22.0813325411932695|-88.3905013192612046
20130208|2100|1.33653000|9.9999999999998686|18.0542216941288061|-83.1134564643804623
20130208|2200|1.33674000|13.4448574969015997|16.5177669617197368|-80.3430079155671848
20130210|2300|1.33680000|20.0069589422398977|17.6808309552264582|-79.5514511873356582
20130211|0000|1.33651000|25.5942947702059628|20.3186522268862930|-83.3773087071233192
20130211|0100|1.33751000|38.0029083858456573|26.2134042798727478|-70.1846965699214707
20130211|0200|1.33709000|47.2819932049827756|33.2362672549094214|-75.7255936675480116
20130211|0300|1.33722000|58.9868147120059874|41.8197830739416078|-74.0105540897091316
20130211|0400|1.33733000|68.2866556836923735|50.6420739438585344|-72.5593667546160504
20130211|0500|1.33728000|79.2118226600999123|60.1653235159390008|-73.2189973614776051
20130211|0600|1.33762000|76.9147788565282156|65.7484752961354104|-68.7335092348283894
20130211|0700|1.33839000|77.6274713839761006|69.7081406587489880|-58.5751978891826682
20130211|0800|1.33712000|65.0294695481337897|68.1485836218772647|-73.2091690544406646
20130211|0900|1.33829000|67.3728813559311846|67.8900161998952428|-56.4469914040123513
20130211|1000|1.33965000|73.6241610738254196|69.8013978245386398|-18.0633147113582488
20130211|1100|1.33842000|68.3168316831681466|69.3065424440818134|-40.9683426443208774
20130211|1200|1.33796000|62.5432953983180866|67.0521267621605830|-47.2762645914390802
20130211|1300|1.33985000|69.6877710320904670|67.9306748521372156|-22.1658206429772164
20130211|1400|1.33860000|64.9742165807225546|66.9451887616656620|-43.3164128595593283
20130211|1500|1.33644000|50.3440366972482707|61.4114714068598744|-80.5460750853217462
20130211|1600|1.33777000|46.4909023393988790|56.4379483843728807|-60.7526881720439746
20130211|1700|1.34122000|53.2426778242685828|55.3728581976714480|-20.3413940256023729
20130211|1800|1.34079000|52.9332434254894366|54.5596532736107848|-26.4580369843528764
20130211|1900|1.34142000|58.7793733681470344|55.9662266384562060|-17.4964438122313660
20130211|2000|1.33878000|62.7450980392165932|58.2258504387096707|-55.0497866287324271
20130211|2100|1.33993000|65.9202453987744548|60.7906487587312654|-38.6913229018475704
20130211|2200|1.34046000|63.5889570552158362|61.7234181908927938|-31.1522048364147217
20130211|2300|1.34004000|61.2883435582838630|61.5783933133564858|-37.1266002844925680
20130212|0000|1.34009000|55.0869285254359298|59.4145717173829695|-36.4153627311513972
20130212|0100|1.34064000|59.7334268677670580|59.5208567675110062|-28.5917496443795508
20130212|0200|1.34012000|58.8597842835141378|59.3004992728453857|-35.9886201991460624
20130212|0300|1.33976000|54.2024013722137283|57.6011333059681690|-41.1095305832132425
20130212|0400|1.33924000|49.4505494505497084|54.8842720208286822|-48.5064011379797506
20130212|0500|1.33902000|46.0482985729980783|51.9389475382184856|-51.6358463726865936
20130212|0600|1.33793000|34.1865756541538488|46.0214902435302804|-72.3926380368088616
20130212|0700|1.33874000|29.2798110979951361|40.4409305283518990|-59.9693251533733474
20130212|0800|1.33794000|25.7159555815340220|35.5326055460792746|-72.2392638036790089
20130212|0900|1.33865000|30.2439024390265914|33.7697045103950444|-61.3496932515351219
20130212|1000|1.33782000|31.5012722646321954|33.0135604284740936|-74.0797546012269095
20130212|1100|1.34349000|53.6615134255502326|39.8962114274994732|-12.6927639383144992
20130212|1200|1.34446000|64.5007923930274956|48.0977384160088164|-20.4393505253107435
20130212|1300|1.34333000|69.4444444444442581|55.2133070921539684|-31.7475728155350866
20130212|1400|1.34239000|68.8791915480017282|59.7686019107698954|-40.8737864077675398
20130212|1500|1.34174000|68.5604528912247702|62.6992189042548560|-47.1844660194184229
20130212|1600|1.34629000|70.0973839984718694|65.1652739356605366|-10.5640107430614966
20130212|1700|1.34488000|69.0370939842396041|66.4558806185202400|-23.1871083258719146
20130212|1800|1.34619000|72.6833043141807594|68.5316885170737464|-11.4592658907785054
20130212|1900|1.34525000|74.6869782971623266|70.5834517771032780|-19.8746642793187824
20130212|2000|1.34402000|75.7191392978489404|72.2953476173518368|-30.8863025962397800
20130212|2100|1.34492000|69.4001518602896113|71.3302823649977711|-22.8290062667847132
20130212|2200|1.34525000|67.5166297117527280|70.0590648139160948|-19.8746642793187824
20130212|2300|1.34511000|60.0124960949715103|66.7102085742679094|-21.1280214861229929
20130213|0000|1.34513000|56.8661971830994518|63.4288714438784283|-20.9489704565803870
20130213|0100|1.34514000|58.8501026694055440|61.9026151857208050|-20.8594449418080892
20130213|0200|1.34495000|56.2561576354679503|60.0204626689698557|-22.5604297224717990
20130213|0300|1.34505000|53.2133676092548598|57.7514309823981904|-21.6651745747528004
20130213|0400|1.34424000|45.5403087478571750|53.6810569042178544|-28.9167412712611664
20130213|0500|1.34454000|45.8527493010279628|51.0716210364878975|-26.2309758281101431
20130213|0600|1.34446000|43.3593750000029914|48.5008723576595956|-30.2208835341362097
20130213|0700|1.34426000|41.1458333333376203|46.0491926828856109|-32.2289156626500528
20130213|0800|1.34642000|49.2417484388958045|47.1133779348890158|-16.0796324655437601
20130213|0900|1.34656000|62.1236133122030267|52.1167897273270171|-13.9356814701374710
20130213|1000|1.34717000|67.0294494238146825|57.0876762928229056|-19.4049159120317470
20130213|1100|1.34813000|73.8381201044380050|62.6711575633612768|-12.9539951573839342
20130213|1200|1.34877000|80.7291666666660320|68.6904939311295380|-8.7563451776658622
20130213|1300|1.34869000|74.6570397111909046|70.6793425244833316|-39.2727272727284387
20130213|1400|1.34780000|67.1203216826470026|69.4930022438712314|-50.0606060606078032
20130213|1500|1.34789000|62.7650551314667312|67.2503532064030765|-48.9696969696969618
20130213|1600|1.34357000|47.8858889454907768|60.7955317860989766|-88.8416578108397488
20130213|1700|1.34469000|37.0982766651132252|52.8964467457703976|-76.9394261424019846
20130213|1800|1.34515000|31.0228042447499313|45.6052325787635838|-72.0510095642923147
20130213|1900|1.34473000|26.3849354061746695|39.1984668545672861|-76.5143464399573646
20130213|2000|1.34477000|21.9128586609991700|33.4365974567112474|-76.0892667375127303
20130213|2100|1.34445000|25.0391586484674740|30.6374511872966586|-79.4899043570673882
20130213|2200|1.34500000|27.8248245826279650|29.6999089857404286|-73.6450584484590820
20130213|2300|1.34478000|29.6641791044780768|29.6879990253196482|-75.9829968119009890
20130214|0000|1.34436000|32.5195312500004548|30.6318431002132528|-80.4463336875660389
20130214|0100|1.34440000|34.7336509311398700|31.9991123771887942|-80.0212539851214046
20130214|0200|1.34515000|40.8466819221982932|34.9483022255252962|-72.0510095642923147
20130214|0300|1.34475000|41.5168100078192168|37.1378048196232697|-76.3018065887362269
20130214|0400|1.34420000|36.8421052631567960|37.0392383008011166|-82.1466524973421741
20130214|0500|1.34376000|30.9316770186324846|35.0033845400782440|-86.8225292242283616
20130214|0600|1.34317000|28.0860702151730806|32.6976130984431920|-93.0924548352813019
20130214|0700|1.34142000|13.8673557278194828|26.4208606415686234|-98.3161833489236017
20130214|0800|1.33862000|8.1957882754687574|20.3458365195353359|-96.5192168237866924
20130214|0900|1.34116000|18.5295367615794612|19.7404032668833800|-78.1000725163175673
20130214|1000|1.33608000|12.9798308392956922|17.4868791243541538|-99.7043606799717708
20130214|1100|1.33309000|12.2015915119349181|15.7251165868810752|-92.0332936979792322
20130214|1200|1.33249000|11.8091451292231008|14.4197927676617504|-93.6488915518283562
20130214|1300|1.33398000|14.3189131211999748|14.3861662188411597|-82.3773324118875508
20130214|1400|1.33301000|10.7300342969122298|13.1674555781981830|-89.0808569454046904
20130214|1500|1.33418000|14.7747174016865942|13.7032095193609892|-80.5102763997176538
20130214|1600|1.33413000|17.9034157832734628|15.1032782739984821|-80.7555238774060768
20130214|1700|1.33331000|20.3987184051254360|16.8684249843741370|-86.6001425516758162
20130214|1800|1.33388000|23.7012309618183218|19.1460269768555342|-82.5374198146839434
20130214|1900|1.33407000|31.8788501026685864|23.3903013521265493|-81.1831789023522532
20130214|2000|1.33458000|39.5839999999993992|28.7882009014175004|-77.5481111903081484
20130214|2100|1.33577000|53.0844793713160641|36.8869603913836884|-69.0662865288666126
20130214|2200|1.33616000|79.5386158475429426|51.1041788767701064|-66.2865288667148605
20130214|2300|1.33583000|85.5659911023240340|62.5914496186214180|-68.4134960516867921
20130215|0000|1.33489000|81.5470643056860354|68.9099878476429666|-74.5775165319614644
20130215|0100|1.33514000|76.1234679981858733|71.3144812311572736|-71.5708812260540840
20130215|0200|1.33506000|67.8085405912729442|70.1458343511958447|-71.9907407407419840
20130215|0300|1.33631000|62.8070175438613846|67.6995620820843556|-61.3005551149881711
20130215|0400|1.33629000|60.2285714285731828|65.2092318642473003|-55.4128440366981252
20130215|0500|1.33539000|56.6733735747840584|62.3639457677595530|-60.0403632694246383
20130215|0600|1.33553000|54.8026805658989318|59.8435240338060198|-58.1632653061239751
20130215|0700|1.33769000|60.6971975393052362|60.1280818689724299|-19.8463508322658840
20130215|0800|1.33775000|59.3615715162694713|59.8725784180714484|-19.0781049935981528
20130215|0900|1.33331000|45.7650273224054800|55.1700613861827947|-72.1411192214120121
20130215|1000|1.33275000|39.5698924731180100|49.9700050818278712|-78.9537712895400290
20130215|1100|1.33268000|34.9290780141837018|44.9563627259464838|-79.8053527980560348
20130215|1200|1.33308000|28.9298105150776906|39.6141786556568860|-74.9391727493920002
20130215|1300|1.33142000|20.7501803318094744|33.3261792143744202|-89.7818599311130044
20130215|1400|1.33584000|27.6853612167295752|31.4459065484928076|-39.0355912743955145
20130215|1500|1.33459000|33.8171262699564110|32.2363131223140087|-53.3869115958673391
20130215|1600|1.33496000|41.4912063413428954|35.3212775286569709|-49.1389207807125601
20130215|1700|1.33610000|51.7893660531703972|40.8106403701614512|-36.0505166475306780
20130215|1800|1.33529000|64.5532370251481212|48.7248392551570078|-45.3501722158427114
20130215|1900|1.33578000|67.5364758698099196|54.9953847933746544|-39.7244546498280188
20130215|2000|1.33537000|70.7372615997730776|60.2426770621741312|-44.4316877152702858
20130215|2100|1.33611000|74.3923611111125780|64.9592384118202802|-35.9357060849581700
20130215|2200|1.33597000|70.8630759247258340|66.9271842494554648|-37.5430539609630998
20130217|2300|1.33452000|64.3379663496720298|66.0641116161943245|-54.1905855338698004
20130218|0000|1.33381000|53.1914893617027715|61.7732375313638046|-62.3421354764643923
20130218|0100|1.33399000|40.8722109533471780|54.8062286720249290|-60.2755453501719814
20130218|0200|1.33338000|18.5339690107267182|42.7154754515921980|-67.2789896670491317
20130218|0300|1.33390000|13.1289762868695181|32.8533090633513042|-61.3088404133194658
20130218|0400|1.33278000|11.3322277501373226|25.6796152922799800|-69.9197860962552654
20130218|0500|1.33301000|12.5194805194803590|21.2929037013467770|-65.7931034482752466
20130218|0600|1.33404000|18.3789364997415952|20.3215813008117152|-49.6413199426120216
20130218|0700|1.33480000|29.5880149812730906|23.4103925276321761|-38.7374461979907494
20130218|0800|1.33347000|31.9209039548026468|26.2472296700223353|-57.8192252510763822
20130218|0900|1.33383000|42.9776974080773684|31.8240522493740166|-52.6542324246754916
20130218|1000|1.33499000|52.7363184079597290|38.7948076355692564|-40.6827880512110626
20130218|1100|1.33529000|54.5454545454546392|44.0450232721977173|-44.2141623488758668
20130218|1200|1.33503000|50.9871244635191160|46.3590570026381812|-48.7046632124363228
20130218|1300|1.33598000|56.2642369020498876|49.6607836357754168|-32.2970639032823925
20130218|1600|1.33491000|54.9222797927457976|51.4146156880988770|-50.7772020725382022
20130218|1700|1.33516000|55.5094991364426066|52.7795768375467916|-46.4594127806541764
20130218|1800|1.33525000|55.3713298791022268|53.6434945180652676|-44.9050086355777722
20130218|1900|1.33518000|54.0647482014395493|53.7839124125233640|-46.1139896373051457
20130218|2000|1.33499000|49.7974068071321980|52.4550772107263158|-49.3955094991382282
20130218|2100|1.33503000|49.4434137291289986|51.4511893835272148|-48.7046632124363228
20130218|2200|1.33498000|45.2649379932371119|49.3891055867638542|-49.5682210708108286
20130218|2300|1.33514000|41.3454270597148650|46.7078794110808602|-46.8048359240070512
20130219|0000|1.33476000|35.8705994291176610|43.0954527504264604|-53.3678756476693863
20130219|0100|1.33448000|31.4885496183254858|39.2264850397261427|-58.2037996545750502
20130219|0200|1.33471000|28.8995215311068742|35.7841638701863900|-54.2314335060438921
20130219|0300|1.33430000|27.6978417266243966|33.0887231556657255|-61.3126079447317025
20130219|0400|1.33462000|26.4423076923122658|30.8732513345479092|-55.7858376511241332
20130219|0500|1.33511000|33.1060606060658458|31.6175210917205548|-47.3229706390325191
20130219|0600|1.33520000|38.5606060606100770|33.9318827480170598|-45.7685664939561080
20130219|0700|1.33552000|44.6969696969735964|37.5202450643359100|-40.2417962003447087
20130219|0800|1.33360000|42.9758308157133868|39.3387736481284094|-91.5948275862044312
20130219|0900|1.33504000|48.5651214128063842|42.4142229030210700|-44.9999999999982662
20130219|1000|1.33431000|45.1219512195129156|43.3167990085183590|-67.8125000000029274
20130219|1100|1.33354000|35.5288157061434262|40.7208045743933838|-83.2962138084630084
20130219|1200|1.33357000|26.3038548752828376|35.9151546746898732|-82.6280623608021188
20130219|1300|1.33344000|25.5526992287908144|32.4610028593901916|-85.5233853006676128
20130219|1400|1.33457000|23.8186157517896824|29.5802071568566874|-60.3563474387511505
20130219|1500|1.33642000|33.8084632516705100|30.9896258551279616|-19.1536748329635351
20130219|1600|1.33556000|42.8062360801786924|34.9284959301448766|-38.3073496659221320
20130219|1700|1.33857000|59.6813725490202530|43.1794548031033401|-11.3496932515330311
20130219|1800|1.33864000|74.7265182949837482|53.6951426337301428|-10.2760736196309832
20130219|1900|1.33879000|83.3862433862435921|63.5921762179012974|-10.7142857142864224
20130219|2000|1.33873000|84.6485411140587446|70.6109645166204416|-11.6071428571427974
20130219|2100|1.33892000|88.9763779527557830|76.7327689953322222|-8.7797619047631734
20130219|2200|1.33871000|88.2624464226837660|80.5759948044494082|-11.9047619047604894
20130219|2300|1.33850000|85.9913793103447120|82.3811229730811761|-15.0297619047611075
20130220|0000|1.33939000|86.9769260852567498|83.9130573438063720|-2.2222222222203216
20130220|0100|1.34125000|85.8935525746437776|84.5732224207521882|-7.7426390403487346
20130220|0200|1.34189000|81.2640071716734127|83.4701506710592724|-14.2318567389245914
20130220|0300|1.34156000|76.7896843041360456|81.2433285487515349|-17.3421300659760824
20130220|0400|1.34119000|72.9570345408606470|78.4812305461212390|-20.8294062205449714
20130220|0500|1.34128000|66.3862179487190787|74.4495596803205189|-19.9811498586229774
20130220|0600|1.34129000|62.9166666666672966|70.6052620091027876|-19.8868991517441530
20130220|0700|1.34200000|62.9969418960252838|68.0691553047436173|-13.1950989632407616
20130220|0800|1.34088000|58.6592178770964452|64.9325094955278956|-24.6575342465741834
20130220|0900|1.34207000|58.1456953642399555|62.6702381184319250|-13.0520117762496728
20130220|1000|1.34182000|56.6984445559468710|60.6796402642702404|-15.8475426278827420
20130220|1100|1.33936000|45.4206602768922352|55.5933136018109124|-44.9388209121234396
20130220|1200|1.33757000|25.9278350515475928|45.7048207517231404|-73.6111111111118106
20130220|1300|1.33715000|18.4319119669887890|36.6138511568116912|-78.9141414141404596
20130220|1400|1.33777000|15.9722222222219710|29.7333081786151220|-77.2290809327871131
20130220|1500|1.33703000|12.4258404746202036|23.9641522772834854|-87.3799725651600028
20130220|1600|1.33686000|12.4133775233486699|20.1138940259718808|-89.7119341563809770
20130220|1700|1.33485000|13.8949079089907174|18.0408986536448275|-88.1443298969074221
20130220|1800|1.33425000|12.9907024793372514|16.3574999288756367|-94.3298969072159963
20130220|1900|1.33379000|10.2818371607505128|14.3322790061672638|-94.4007858546172116
20130220|2000|1.32826000|9.0825688073388395|12.5823756065577896|-94.1542288557217120
20130220|2100|1.32745000|7.4202073592192042|10.8616528574449306|-97.3154362416107404
20130220|2200|1.32837000|7.3897269429063482|9.7043442192654048|-91.6412446613782664
